{"lr": 0.0009665326905545575, "_timestamp": 1681248830.16213, "Train Batch Loss": 1.0475540161132812, "_runtime": 520.2495150566101, "_step": 67, "Train Epoch Loss": 1.1661087397026688, "Train Acc": 0.2733564078807831, "Inference Time": 2.137995481491089, "Test Acc": 0.3356401324272156, "Test Best Acc": 0.4290657341480255, "Test Best Class Acc": 0.33007904612950945, "_wandb": {"runtime": 519}}