{"lr": 0.0009940113328318488, "_timestamp": 1681248149.7419353, "Train Batch Loss": 1.4950131785635854, "_runtime": 32.111653327941895, "_step": 3, "Train Epoch Loss": 1.4413027681716502, "Train Acc": 0.1358131468296051, "_wandb": {"runtime": 33}}