{"lr": 0.0009941717820207462, "_timestamp": 1681247326.8479064, "Train Batch Loss": 2.116280596989852, "_runtime": 17.671895265579224, "_step": 2, "Train Epoch Loss": 1.9562424131341882, "Train Acc": 0.11375432461500168, "_wandb": {"runtime": 18}}