{"lr": 9.549150281252633e-05, "_timestamp": 1681256304.8735335, "Train Batch Loss": 0.5271496772766113, "_runtime": 6519.2850115299225, "_step": 472, "Train Epoch Loss": 0.5384466068164723, "Train Acc": 0.9801037907600403, "Inference Time": 2.141496419906616, "Test Acc": 0.7024221420288086, "Test Best Acc": 0.745674729347229, "Test Best Class Acc": 0.6858289799927445}