{"lr": 0.000965510694234587, "_timestamp": 1681256481.054623, "Train Batch Loss": 0.5537356734275818, "_runtime": 6695.466100931168, "_step": 485, "Train Epoch Loss": 0.5852474860242896, "Train Acc": 0.9385812878608704, "Inference Time": 2.1297903060913086, "Test Acc": 0.6730104088783264, "Test Best Acc": 0.745674729347229, "Test Best Class Acc": 0.6858289799927445, "_wandb": {"runtime": 6695}}