{"lr": 0.0008954728283783886, "_timestamp": 1681248296.1804855, "Train Batch Loss": 1.2104089260101318, "_runtime": 119.93857645988464, "_step": 13, "Train Epoch Loss": 1.2061231364942577, "Train Acc": 0.2391868531703949, "Inference Time": 2.108445882797241, "Test Acc": 0.3339100480079651, "Test Best Acc": 0.3339100480079651, "Test Best Class Acc": 0.21888766295973638, "_wandb": {"runtime": 119}}