{"lr": 0.0009755282581475768, "_timestamp": 1681257120.5093293, "Train Batch Loss": 1.142816424369812, "_runtime": 54.16987442970276, "_step": 4, "Train Epoch Loss": 1.2080758358981158, "Train Acc": 0.22058823704719543, "Inference Time": 1.8353683948516846, "Test Acc": 0.31833910942077637, "Test Best Acc": 0.31833910942077637, "Test Best Class Acc": 0.22233250885616418}