{"lr": 0.0009988469469530087, "_timestamp": 1681249772.1029072, "Train Batch Loss": 1.028808355331421, "_runtime": 924.4634501934052, "_step": 81, "Train Epoch Loss": 1.043415345050193, "Train Acc": 0.4026816487312317, "Inference Time": 1.914269208908081, "Test Acc": 0.44290658831596375, "Test Best Acc": 0.44463667273521423, "Test Best Class Acc": 0.3471181197688976, "_wandb": {"runtime": 924}}