{"lr": 3.526820804538516e-05, "_timestamp": 1681257045.733173, "Train Batch Loss": 0.9769102931022644, "_runtime": 455.32477498054504, "_step": 35, "Train Epoch Loss": 0.996164769739718, "Train Acc": 0.46669548749923706, "Inference Time": 2.760549545288086, "Test Acc": 0.4653979241847992, "Test Best Acc": 0.4826989471912384, "Test Best Class Acc": 0.38712690083222573, "_wandb": {"runtime": 455}}